Product_ID,Price_ETB
2600,86373
2601,68357
2602,39545
2603,60046
2604,84333
2605,4092
2606,7982
2607,62791
2608,52650
2609,55882
2610,89938
2611,14160
2612,64270
2613,93385
2614,58148
2615,9642
2616,10599
2617,42229
2618,79740
2619,19452
2620,8619
2621,16550
2622,36056
2623,81840
2624,82988
2625,76734
2626,71884
2627,93353
2628,42632
2629,49935
2630,78311
2631,69551
2632,38662
2633,59479
2634,66273
2635,79364
2636,56397
2637,13009
2638,91993
2639,15006
2640,85824
2641,85326
2642,72274
2643,94491
2644,28193
2645,56380
2646,59196
2647,29959
2648,54249
2649,44434
2650,59451
2651,52272
2652,54534
2653,95641
2654,12473
2655,40976
2656,55946
2657,40973
2658,87187
2659,33418
2660,49070
2661,20016
2662,90033
2663,62173
2664,8809
2665,11967
2666,11198
2667,12229
2668,56616
2669,12666
2670,97604
2671,96845
2672,48853
2673,17064
2674,72934
2675,7871
2676,76879
2677,73618
2678,73630
2679,43217
2680,87829
2681,16031
2682,53855
2683,46356
2684,87217
2685,98351
2686,55445
2687,94520
2688,6753
2689,37710
2690,78706
2691,40963
2692,46100
2693,13589
2694,75758
2695,66517
2696,27894
2697,20290
2698,86089
2699,63211
2700,29402
2701,14194
2702,45900
2703,72920
2704,48186
2705,15068
2706,99966
2707,36522
2708,75258
2709,29653
2710,56254
2711,73536
2712,81500
2713,80432
2714,88480
2715,84249
2716,72982
2717,3451
2718,79832
2719,86233
2720,90904
2721,35064
2722,3804
2723,23657
2724,35828
2725,92114
2726,99940
2727,40509
2728,44551
2729,46019
2730,810
2731,23787
2732,18786
2733,74238
2734,86169
2735,52541
2736,9130
2737,18605
2738,97130
2739,83001
2740,4028
2741,12036
2742,97804
2743,69541
2744,28207
2745,49318
2746,55038
2747,59470
2748,44691
2749,20641
2750,48513
2751,40856
2752,94591
2753,42527
2754,74405
2755,78158
2756,11145
2757,6905
2758,20402
2759,20642
2760,98895
2761,80991
2762,6532
2763,88348
2764,10703
2765,35675
2766,58089
2767,86771
2768,55586
2769,63666
2770,79580
2771,57949
2772,54297
2773,35814
2774,28265
2775,98961
2776,67164
2777,14928
2778,45252
2779,56359
2780,14544
2781,37135
2782,88905
2783,88940
2784,77753
2785,63793
2786,69076
2787,87452
2788,40435
2789,5962
2790,28913
2791,51817
2792,78564
2793,7190
2794,1017
2795,26804
2796,39517
2797,27696
2798,17997
2799,33501
2800,37948
2801,43017
2802,15736
2803,1023
2804,65203
2805,97922
2806,56456
2807,23038
2808,16942
2809,49844
2810,69816
2811,92241
2812,30171
2813,65580
2814,73243
2815,87572
2816,46431
2817,9457
2818,52054
2819,97270
2820,5554
2821,57186
2822,2466
2823,60270
2824,10215
2825,41043
2826,75475
2827,56277
2828,75166
2829,53018
2830,93005
2831,83914
2832,54757
2833,37957
2834,15106
2835,53098
2836,2743
2837,42578
2838,22537
2839,81028
2840,60315
2841,90398
2842,47438
2843,11561
2844,57250
2845,13885
2846,31901
2847,57114
2848,77194
2849,52497
2850,68686
2851,10318
2852,51883
2853,40678
2854,97764
2855,44510
2856,29051
2857,43665
2858,22047
2859,10021
2860,66920
2861,83008
2862,14955
2863,69557
2864,66850
2865,25425
2866,45803
2867,46029
2868,95349
2869,84609
2870,19368
2871,30978
2872,13484
2873,19204
2874,33560
2875,25866
2876,22750
2877,78967
2878,20046
2879,99652
2880,99513
2881,85928
2882,9886
2883,23228
2884,82316
2885,64774
2886,60821
2887,98896
2888,73899
2889,99608
2890,75962
2891,58848
2892,89287
2893,73999
2894,84288
2895,83279
2896,81867
2897,42373
2898,82220
2899,41446
2900,19796
2901,57650
2902,8960
2903,61472
2904,57971
2905,82766
2906,39701
2907,36012
2908,77528
2909,7372
2910,46139
2911,66507
2912,9734
2913,40695
2914,60531
2915,59243
2916,4939
2917,7466
2918,48341
2919,37637
2920,10067
2921,84507
2922,11845
2923,80620
2924,77877
2925,66472
2926,50404
2927,60658
2928,76074
2929,72665
2930,96861
2931,5386
2932,58957
2933,74938
2934,85447
2935,24682
2936,42153
2937,79309
2938,62351
2939,65725
2940,19783
2941,8119
2942,59060
2943,13576
2944,45025
2945,93636
2946,11063
2947,66142
2948,84699
2949,22627
2950,5140
2951,32482
2952,92759
2953,57387
2954,57605
2955,68700
2956,68527
2957,79938
2958,20817
2959,47706
2960,48880
2961,37089
2962,50789
2963,53588
2964,44360
2965,88994
2966,78376
2967,6873
2968,82701
2969,84853
2970,43873
2971,8649
2972,43223
2973,12397
2974,73143
2975,88926
2976,50677
2977,37253
2978,33039
2979,94871
2980,86067
2981,79007
2982,19719
2983,43704
2984,10692
2985,76390
2986,86990
2987,18547
2988,45861
2989,40672
2990,86000
2991,91561
2992,86797
2993,51384
2994,16911
2995,78003
2996,92918
2997,11114
2998,40587
2999,73269
3000,49382
3001,84353
3002,43064
3003,16760
3004,87843
3005,92131
3006,96842
3007,89848
3008,69005
3009,12259
3010,84685
3011,87888
3012,55506
3013,66658
3014,47435
3015,2399
3016,47536
3017,40493
3018,23637
3019,28084
3020,44801
3021,63746
3022,25176
3023,29703
3024,18040
3025,20318
3026,10124
3027,38780
3028,13266
3029,66553
3030,70758
3031,96825
3032,69023
3033,4957
3034,86770
3035,44150
3036,81016
3037,17186
3038,78292
3039,49387
3040,20228
3041,21276
3042,23713
3043,90822
3044,81895
3045,21707
3046,94536
3047,57376
3048,5736
3049,53862
3050,47759
3051,88662
3052,94327
3053,31143
3054,58232
3055,80041
3056,37356
3057,98627
3058,98122
3059,58851
3060,30681
3061,70003
3062,31358
3063,40572
3064,61484
3065,25440
3066,48223
3067,88917
3068,74776
3069,57759
3070,60523
3071,36942
3072,50062
3073,65926
3074,69145
3075,54884
3076,21251
3077,26184
3078,79264
3079,18150
3080,32778
3081,6849
3082,84050
3083,63001
3084,48665
3085,72694
3086,13456
3087,93254
3088,67631
3089,16351
3090,37373
3091,11003
3092,21022
3093,35765
3094,58903
3095,67296
3096,19323
3097,57350
3098,12031
3099,29112
3100,59140
3101,45830
3102,3505
3103,54391
3104,6990
3105,51974
3106,65809
3107,49025
3108,30913
3109,50625
3110,10706
3111,49150
3112,29440
3113,3704
3114,41780
3115,12997
3116,93687
3117,85201
3118,43957
3119,19152
3120,18045
3121,5030
3122,37611
3123,61935
3124,91245
3125,18201
3126,99472
3127,92486
3128,61497
3129,58809
3130,80664
3131,698
3132,10394
3133,2500
3134,33554
3135,28276
3136,19607
3137,71942
3138,95330
3139,79817
3140,69186
3141,55486
3142,14583
3143,37772
3144,31157
3145,39482
3146,15980
3147,6268
3148,31262
3149,55037
3150,83758
3151,81643
3152,59924
3153,8242
3154,14540
3155,65523
3156,78225
3157,70271
3158,2164
3159,82841
3160,67561
3161,75382
3162,31721
3163,94191
3164,18828
3165,38187
3166,56271
3167,215
3168,80594
3169,46254
3170,31541
3171,74808
3172,54610
3173,24561
3174,87090
3175,87594
3176,11231
3177,68624
3178,47275
3179,8880
3180,68961
3181,71323
3182,66506
3183,66545
3184,72643
3185,2675
3186,51187
3187,61631
3188,5716
3189,83328
3190,50719
3191,48939
3192,33256
3193,97962
3194,2138
3195,46815
3196,8865
3197,45203
3198,31614
3199,96078
3200,86137
3201,82356
3202,13597
3203,76281
3204,96372
3205,99189
3206,43593
3207,17496
3208,5821
3209,46186
3210,71577
3211,44384
3212,84262
3213,22959
3214,89752
3215,60909
3216,91156
3217,62732
3218,82812
3219,23901
3220,17685
3221,8280
3222,93863
3223,59998
3224,4857
3225,38472
3226,26432
3227,5751
3228,26154
3229,5502
3230,41375
3231,40652
3232,67562
3233,52206
3234,71186
3235,62059
3236,33212
3237,4809
3238,98745
3239,84800
3240,25058
3241,37511
3242,46799
3243,6275
3244,85958
3245,43516
3246,35821
3247,16325
3248,48247
3249,57282
3250,52441
3251,97436
3252,57647
3253,50688
3254,44448
3255,24496
3256,65048
3257,90720
3258,65221
3259,48158
3260,68072
3261,34969
3262,10838
3263,95310
3264,55650
3265,10355
3266,56450
3267,78974
3268,23662
3269,71506
3270,38514
3271,42111
3272,13457
3273,10504
3274,42991
3275,86638
3276,38760
3277,40183
3278,58457
3279,78996
3280,94075
3281,55861
3282,21852
3283,90418
3284,58193
3285,46087
3286,58616
3287,5561
3288,95275
3289,46220
3290,80599
3291,57018
3292,35996
3293,83826
3294,7528
3295,9845
3296,87983
3297,83570
3298,53252
3299,47629
3300,67261
3301,98300
3302,89061
3303,20979
3304,4091
3305,18724
3306,79645
3307,88888
3308,57442
3309,4571
3310,16555
3311,8822
3312,30942
3313,84572
3314,48025
3315,47477
3316,50191
3317,74359
3318,4254
3319,79320
3320,20121
3321,89016
3322,58982
3323,48633
3324,48770
3325,58198
3326,10087
3327,75235
3328,18057
3329,69407
3330,48106
3331,52181
3332,41217
3333,85149
3334,36538
3335,32727
3336,14879
3337,3406
3338,96436
3339,24395
3340,65420
3341,67871
3342,50733
3343,73629
3344,15445
3345,34321
3346,34126
3347,92289
3348,58503
3349,28134
3350,80209
3351,37441
3352,90971
3353,64392
3354,26247
3355,16084
3356,17800
3357,9716
3358,59260
3359,22640
3360,93512
3361,58351
3362,11516
3363,89391
3364,41899
3365,87545
3366,45547
3367,93010
3368,8521
3369,72099
3370,71073
3371,38068
3372,39325
3373,20654
3374,93308
3375,93013
3376,91789
3377,83594
3378,22828
3379,47391
3380,66693
3381,29401
3382,15917
3383,26352
3384,18212
3385,31039
3386,64762
3387,3455
3388,47313
3389,72626
3390,75019
3391,48363
3392,61273
3393,72315
3394,17019
3395,80219
3396,11310
3397,8627
3398,40549
3399,52197
3400,93979
3401,94233
3402,62749
3403,68913
3404,53853
3405,53675
3406,75363
3407,9676
3408,16436
3409,41563
3410,84202
3411,9730
3412,58989
3413,61067
3414,89153
3415,67821
3416,45166
3417,16831
3418,72270
3419,83869
3420,77052
3421,23860
3422,16922
3423,56714
3424,65921
3425,7273
3426,16284
3427,67918
3428,20066
3429,39872
3430,21591
3431,21239
3432,42301
3433,92983
3434,29562
3435,45363
3436,68022
3437,37240
3438,10346
3439,32857
3440,25739
3441,83248
3442,72209
3443,35982
3444,16416
3445,81932
3446,39701
3447,80544
3448,69934
3449,12255
3450,65883
3451,84025
3452,22113
3453,77579
3454,76116
3455,20220
3456,22449
3457,86351
3458,81861
3459,94464
3460,79326
3461,44262
3462,73884
3463,5409
3464,3728
3465,10656
3466,5968
3467,84086
3468,75608
3469,34698
3470,85354
3471,27641
3472,75001
3473,54612
3474,81026
3475,83763
3476,3979
3477,65288
3478,82213
3479,71519
3480,37977
3481,84146
3482,39606
3483,63310
3484,32106
3485,89793
3486,53237
3487,38995
3488,59456
3489,9574
3490,90267
3491,7862
3492,20729
3493,57629
3494,54486
3495,63481
3496,60885
3497,26751
3498,44599
3499,79526
3500,18840
3501,40980
3502,94167
3503,41863
3504,96243
3505,45278
3506,52270
3507,17149
3508,99711
3509,48577
3510,67509
3511,73626
3512,13927
3513,41837
3514,31695
3515,61151
3516,16069
3517,35068
3518,58939
3519,32505
3520,18475
3521,12699
3522,6642
3523,38048
3524,50361
3525,80668
3526,54815
3527,32551
3528,20942
3529,42927
3530,75728
3531,94529
3532,40998
3533,24891
3534,20895
3535,65318
3536,67476
3537,61196
3538,65383
3539,40451
3540,65201
3541,3047
3542,11812
3543,51553
3544,66259
3545,59940
3546,31562
3547,28209
3548,76470
3549,46264
3550,6387
3551,6634
3552,36887
3553,64876
3554,78327
3555,85765
3556,88158
3557,61690
3558,37463
3559,70355
3560,1081
3561,14099
3562,56492
3563,17565
3564,34674
3565,95365
3566,47953
3567,52865
3568,47974
3569,5940
3570,52515
3571,6715
3572,74757
3573,73648
3574,25523
3575,47526
3576,72522
3577,37837
3578,9647
3579,50649
3580,66103
3581,59038
3582,72080
3583,36673
3584,81699
3585,89191
3586,80100
3587,15582
3588,16874
3589,12682
3590,51639
3591,48925
3592,44454
3593,73126
3594,47930
3595,98964
3596,18919
3597,26100
3598,78976
3599,66741
3600,52620
3601,65556
3602,5286
3603,5948
3604,5110
3605,17971
3606,93541
3607,43662
3608,62104
3609,68079
3610,59908
3611,19531
3612,79473
3613,67578
3614,18331
3615,42997
3616,80366
3617,41760
3618,21309
3619,51515
3620,80815
3621,96914
3622,39231
3623,77830
3624,44099
3625,66504
3626,66819
3627,69784
3628,64215
3629,92905
3630,73793
3631,39304
3632,62255
3633,2190
3634,48291
3635,43426
3636,88327
3637,14376
3638,54606
3639,76517
3640,40337
3641,95079
3642,90193
3643,82488
3644,3502
3645,78248
3646,62215
3647,34813
3648,85939
3649,75831
3650,75721
3651,29834
3652,94565
3653,6741
3654,76493
3655,62983
3656,22359
3657,68722
3658,82457
3659,94536
3660,81240
3661,49842
3662,19379
3663,89234
3664,31755
3665,4148
3666,75057
3667,91828
3668,14414
3669,25016
3670,2492
3671,57817
3672,41126
3673,54900
3674,19858
3675,54137
3676,90515
3677,26734
3678,53798
3679,65784
3680,80157
3681,61824
3682,96457
3683,95352
3684,8173
3685,92517
3686,18108
3687,67994
3688,27186
3689,73526
3690,42614
3691,86809
3692,62711
3693,68885
3694,49401
3695,41134
3696,22709
3697,60259
3698,69888
3699,44879
3700,71611
3701,46447
3702,88597
3703,94503
3704,89236
3705,84329
3706,90883
3707,34660
3708,79973
3709,63472
3710,25210
3711,32321
3712,36579
3713,73159
3714,39134
3715,29483
3716,39018
3717,37890
3718,92402
3719,27178
3720,90481
3721,92414
3722,64104
3723,41565
3724,62898
3725,45728
3726,73474
3727,94599
3728,35852
3729,37731
3730,15984
3731,75176
3732,88696
3733,71207
3734,49777
3735,51722
3736,45247
3737,19208
3738,38080
3739,5523
3740,37710
3741,93613
3742,10368
3743,45408
3744,57993
3745,85989
3746,33622
3747,97965
3748,62803
3749,28057
3750,26495
3751,70602
3752,35547
3753,73674
3754,91258
3755,35611
3756,18002
3757,14326
3758,80708
3759,97120
3760,76927
3761,31373
3762,31789
3763,6663
3764,87806
3765,69614
3766,29589
3767,83626
3768,30528
3769,6890
3770,13143
3771,54182
3772,43302
3773,94035
3774,61928
3775,13188
3776,89295
3777,18028
3778,689
3779,72145
3780,20711
3781,53344
3782,85585
3783,62360
3784,62590
3785,85277
3786,26153
3787,99088
3788,37659
3789,42106
3790,37419
3791,84669
3792,7764
3793,11735
3794,85508
3795,75262
3796,30447
3797,70153
3798,96831
3799,94790
3800,4898
3801,22956
3802,54783
3803,23050
3804,4773
3805,52044
3806,64940
3807,24430
3808,98183
3809,37951
3810,4920
3811,1224
3812,39120
3813,74453
3814,79017
3815,14074
3816,43924
3817,37308
3818,59562
3819,84068
3820,71221
3821,68733
3822,64748
3823,17599
3824,66098
3825,61354
3826,35771
3827,25282
3828,14774
3829,43353
3830,21308
3831,95839
3832,60160
3833,84982
3834,33730
3835,94198
3836,24415
3837,1856
3838,96559
3839,44195
3840,38679
3841,74430
3842,88405
3843,99268
3844,25328
3845,23012
3846,80089
3847,83729
3848,53158
3849,56069
3850,67548
3851,42992
3852,11378
3853,52548
3854,87730
3855,12512
3856,24229
3857,18440
3858,62590
3859,42425
3860,32522
3861,905
3862,34191
3863,50285
3864,30880
3865,58564
3866,98806
3867,35005
3868,43214
3869,39586
3870,76354
3871,94759
3872,75098
3873,1508
3874,34292
3875,85689
3876,47137
3877,90812
3878,30982
3879,8152
3880,87538
3881,15505
3882,61010
3883,40223
3884,20944
3885,53148
3886,89935
3887,65876
3888,92226
3889,40770
3890,90487
3891,15399
3892,83727
3893,38681
3894,48184
3895,80570
3896,28957
3897,28731
3898,17517
3899,62686
3900,20088
3901,59644
3902,98017
3903,79405
3904,48981
3905,54515
3906,92014
3907,71999
3908,61722
3909,99277
3910,70463
3911,87054
3912,28637
3913,99868
3914,32445
3915,89183
3916,98935
3917,78104
3918,10740
3919,68889
3920,58566
3921,69238
3922,92254
3923,47429
3924,10247
3925,73956
3926,14717
3927,8104
3928,71791
3929,66265
3930,26507
3931,75075
3932,70351
3933,19651
3934,21576
3935,43017
3936,68212
3937,57922
3938,15245
3939,89177
3940,26932
3941,93977
3942,76444
3943,64081
3944,11929
3945,66905
3946,58400
3947,7302
3948,59442
3949,17304
3950,67282
3951,54460
3952,59883
3953,73922
3954,7577
3955,73252
3956,60614
3957,88191
3958,40402
3959,94811
3960,2863
3961,51907
3962,33362
3963,405
3964,97764
3965,28570
3966,75810
3967,9582
3968,5946
3969,55544
3970,45168
3971,91810
3972,8367
3973,70941
3974,7907
3975,9056
3976,61885
3977,4169
3978,37639
3979,53601
3980,23600
3981,17760
3982,84095
3983,95599
3984,84666
3985,55107
3986,49091
3987,50142
3988,58800
3989,49489
3990,49246
3991,10528
3992,89496
3993,86752
3994,70697
3995,17441
3996,85670
3997,45592
3998,15559
3999,23402
4000,70429
4001,51528
4002,69326
4003,16701
4004,95411
4005,29198
4006,465
4007,99123
4008,2989
4009,39117
4010,60696
4011,88286
4012,94263
4013,71371
4014,55601
4015,69731
4016,49722
4017,30112
4018,32451
4019,60385
4020,45381
4021,20342
4022,36139
4023,24714
4024,95040
4025,14800
4026,4232
4027,86543
4028,54960
4029,80609
4030,2060
4031,31554
4032,27021
4033,8829
4034,13234
4035,77859
4036,4410
4037,58525
4038,78362
4039,88093
4040,92191
4041,6390
4042,32087
4043,97074
4044,5808
4045,52735
4046,57545
4047,30725
4048,70757
4049,28487
4050,98888
4051,7408
4052,18377
4053,66056
4054,37924
4055,30702
4056,95891
4057,75521
4058,41809
4059,75700
4060,78380
4061,88160
4062,42040
4063,31061
4064,39562
4065,18787
4066,86545
4067,68331
4068,28982
4069,54216
4070,39397
4071,36074
4072,7999
4073,72980
4074,77560
4075,96375
4076,22965
4077,82060
4078,88975
4079,56004
4080,72866
4081,64972
4082,6155
4083,45153
4084,84330
4085,88004
4086,49968
4087,68752
4088,41787
4089,91276
4090,54578
4091,53521
4092,19568
4093,39316
4094,49353
4095,24111
4096,98892
4097,70517
4098,62075
4099,31594
4100,29546
4101,39428
4102,92753
4103,18930
4104,60699
4105,7562
4106,73723
4107,54100
4108,54602
4109,73054
4110,69477
4111,17585
4112,50920
4113,31841
4114,33432
4115,26661
4116,43298
4117,84775
4118,10373
4119,58964
4120,48647
4121,12129
4122,70216
4123,94982
4124,24976
4125,6765
4126,35197
4127,49446
4128,88309
4129,79304
4130,79036
4131,5193
4132,9549
4133,24672
4134,99847
4135,77025
4136,94946
4137,88018
4138,73259
4139,28454
4140,62845
4141,27389
4142,43652
4143,39749
4144,2019
4145,27772
4146,24916
4147,97196
4148,15386
4149,97904
4150,98881
4151,62783
4152,31807
4153,91187
4154,79230
4155,92254
4156,26815
4157,51997
4158,31379
4159,72372
4160,42164
4161,37111
4162,49904
4163,61122
4164,69956
4165,85039
4166,47098
4167,40435
4168,34293
4169,47149
4170,67225
4171,65189
4172,61090
4173,12934
4174,94698
4175,61547
4176,99838
4177,41983
4178,26634
4179,48599
4180,41025
4181,54264
4182,6002
4183,73741
4184,29012
4185,97167
4186,19136
4187,2135
4188,34190
4189,72533
4190,76560
4191,75919
4192,94383
4193,54742
4194,38701
4195,19986
4196,25725
4197,43246
4198,30159
4199,49796
4200,74693
4201,32218
4202,65454
4203,72183
4204,85810
4205,89774
4206,44255
4207,33738
4208,64054
4209,94848
4210,84118
4211,96950
4212,64313
4213,60411
4214,22060
4215,96055
4216,46170
4217,22195
4218,18354
4219,94422
4220,71646
4221,64014
4222,24133
4223,71068
4224,84133
4225,7708
4226,68684
4227,4443
4228,9752
4229,87594
4230,6368
4231,846
4232,54063
4233,18031
4234,82677
4235,30344
4236,8918
4237,92700
4238,19805
4239,1208
4240,28678
4241,66297
4242,59780
4243,48926
4244,7933
4245,80990
4246,83598
4247,87402
4248,80818
4249,63344
4250,86423
4251,63954
4252,2071
4253,876
4254,69768
4255,72315
4256,53924
4257,1563
4258,2202
4259,69401
4260,94669
4261,36020
4262,70230
4263,37586
4264,2256
4265,65836
4266,91479
4267,88356
4268,56446
4269,23506
4270,14036
4271,12634
4272,68742
4273,19526
4274,31594
4275,25166
4276,81245
4277,69013
4278,33094
4279,46467
4280,35048
4281,52032
4282,10367
4283,48906
4284,53228
4285,60171
4286,74065
4287,31887
4288,91398
4289,29613
4290,39328
4291,89668
4292,10576
4293,85696
4294,85192
4295,99570
4296,4162
4297,12265
4298,53130
4299,49720
4300,49446
4301,72453
4302,62400
4303,7365
4304,83469
4305,1248
4306,92133
4307,22473
4308,10847
4309,65527
4310,56883
4311,84539
4312,43430
4313,74177
4314,12509
4315,69236
4316,5587
4317,30125
4318,27720
4319,90749
4320,74299
4321,62334
4322,35542
4323,6112
4324,9754
4325,89719
4326,36759
4327,71186
4328,73870
4329,86269
4330,4322
4331,23518
4332,41230
4333,2062
4334,27162
4335,76953
4336,18909
4337,98609
4338,93426
4339,52215
4340,10094
4341,39236
4342,21302
4343,73929
4344,31529
4345,74287
4346,51017
4347,88750
4348,70862
4349,43490
4350,50321
4351,99049
4352,96969
4353,18353
4354,90359
4355,94927
4356,10289
4357,65649
4358,97718
4359,45342
4360,7048
4361,12813
4362,57300
4363,30437
4364,9973
4365,44652
4366,79330
4367,80470
4368,78077
4369,52006
4370,42788
4371,3893
4372,83125
4373,35835
4374,59064
4375,64314
4376,29912
4377,46646
4378,72497
4379,49217
4380,56613
4381,24355
4382,89098
4383,76801
4384,86605
4385,49826
4386,11242
4387,81093
4388,38725
4389,32312
4390,93478
4391,9644
4392,10762
4393,35133
4394,20224
4395,49817
4396,93290
4397,83096
4398,20231
4399,96958
4400,51078
4401,41517
4402,47287
4403,13975
4404,12005
4405,690
4406,40415
4407,58302
4408,47185
4409,99801
4410,35368
4411,13409
4412,17377
4413,11452
4414,24571
4415,56499
4416,58840
4417,73015
4418,72720
4419,67176
4420,53493
4421,13548
4422,3452
4423,11756
4424,46398
4425,72652
4426,12208
4427,78250
4428,78396
4429,42533
4430,50503
4431,1627
4432,38263
4433,54248
4434,50839
4435,11111
4436,95016
4437,73349
4438,31826
4439,74977
4440,68312
4441,22237
4442,89835
4443,49913
4444,22226
4445,18208
4446,35257
4447,39479
4448,35190
4449,64644
4450,19137
4451,8302
4452,21926
4453,56983
4454,36180
4455,55204
4456,39299
4457,63479
4458,10092
4459,47343
4460,33000
4461,32331
4462,94499
4463,81934
4464,64995
4465,77841
4466,80838
4467,25640
4468,60022
4469,14031
4470,17768
4471,39942
4472,897
4473,51874
4474,43554
4475,81299
4476,49802
4477,43203
4478,57710
4479,43884
4480,56451
4481,85342
4482,77918
4483,17852
4484,39388
4485,42040
4486,79074
4487,91143
4488,26336
4489,62794
4490,41190
4491,23293
4492,52208
4493,41840
4494,38210
4495,96331
4496,91099
4497,82965
4498,64367
4499,75491
4500,31785
4501,42724
4502,49300
4503,36749
4504,51512
4505,47853
4506,14937
4507,73915
4508,26198
4509,77634
4510,71526
4511,23593
4512,89363
4513,72112
4514,3537
4515,95327
4516,60515
4517,92857
4518,27489
4519,57479
4520,38195
4521,90821
4522,9074
4523,53637
4524,88218
4525,65454
4526,18252
4527,83022
4528,39702
4529,31732
4530,33129
4531,86342
4532,20213
4533,93757
4534,55470
4535,49422
4536,9704
4537,58870
4538,78382
4539,62824
4540,76325
4541,52544
4542,70050
4543,66412
4544,90673
4545,54837
4546,71266
4547,4828
4548,47134
4549,91974
4550,70383
4551,77843
4552,83657
4553,11148
4554,14345
4555,32546
4556,86203
4557,87132
4558,46541
4559,21812
4560,84813
4561,80314
4562,5816
4563,73832
4564,84555
4565,88807
4566,84779
4567,52388
4568,98665
4569,43473
4570,56430
4571,13896
4572,1392
4573,12934
4574,33923
4575,29108
4576,66945
4577,97901
4578,68009
4579,73147
4580,76099
4581,90143
4582,75407
4583,28981
4584,58439
4585,49046
4586,51276
4587,60704
4588,89080
4589,77157
4590,90506
4591,65607
4592,19768
4593,45225
4594,3229
4595,63287
4596,13713
4597,38732
4598,54532
4599,11263
4600,15223
4601,95712
4602,18579
4603,45666
4604,40890
4605,44976
4606,59691
4607,27124
4608,68313
4609,63308
4610,45662
4611,62421
4612,12805
4613,57441
4614,94643
4615,91336
4616,59313
4617,41810
4618,8814
4619,39366
4620,5866
4621,93173
4622,15094
4623,2970
4624,44977
4625,84940
4626,14344
4627,88764
4628,21552
4629,97067
4630,31980
4631,67642
4632,22875
4633,72349
4634,20999
4635,43393
4636,73390
4637,55895
4638,60572
4639,30399
4640,53100
4641,82553
4642,24186
4643,24440
4644,83958
4645,86164
4646,56650
4647,51859
4648,3836
4649,96660
4650,80502
4651,25873
4652,58936
4653,77631
4654,56312
4655,50975
4656,593
4657,92381
4658,28163
4659,26982
4660,36493
4661,98618
4662,92253
4663,8210
4664,75684
4665,13346
4666,70381
4667,24515
4668,47955
4669,42737
4670,25840
4671,59982
4672,14946
4673,34397
4674,87920
4675,64167
4676,69178
4677,83779
4678,41088
4679,78256
4680,50949
4681,80135
4682,51461
4683,76949
4684,14982
4685,45613
4686,46145
4687,60022
4688,80928
4689,22623
4690,88298
4691,92545
4692,38996
4693,80551
4694,77364
4695,11118
4696,88104
4697,17566
4698,41059
4699,15458
4700,31280
4701,40036
4702,15338
4703,24002
4704,48939
4705,90900
4706,18538
4707,66964
4708,50926
4709,54829
4710,78184
4711,18080
4712,75350
4713,50303
4714,55458
4715,24357
4716,63798
4717,83306
4718,70445
4719,90899
4720,84585
4721,22716
4722,72743
4723,21881
4724,64188
4725,37868
4726,18398
4727,24533
4728,41242
4729,59123
4730,81197
4731,7036
4732,47069
4733,1266
4734,63528
4735,17905
4736,25585
4737,50334
4738,73617
4739,66258
4740,85609
4741,64886
4742,53636
4743,89754
4744,64461
4745,54487
4746,93089
4747,58186
4748,64064
4749,21932
4750,10845
4751,74117
4752,4054
4753,99763
4754,28915
4755,38294
4756,4295
4757,36035
4758,29480
4759,70475
4760,37846
4761,22057
4762,59952
4763,74150
4764,97333
4765,64931
4766,72063
4767,66962
4768,14848
4769,75076
4770,14979
4771,35122
4772,71196
4773,48095
4774,71056
4775,99203
4776,5463
4777,99625
4778,94248
4779,57860
4780,71621
4781,28654
4782,55735
4783,13433
4784,96477
4785,85688
4786,98490
4787,32454
4788,39031
4789,4234
4790,58957
4791,34457
4792,45698
4793,11411
4794,57559
4795,15396
4796,31066
4797,27519
4798,96690
4799,77070
4800,90336
4801,45967
4802,93169
4803,79998
4804,82948
4805,56130
4806,21765
4807,80770
4808,18259
4809,27092
4810,27134
4811,7790
4812,74730
4813,45992
4814,69777
4815,36852
4816,78241
4817,70627
4818,22079
4819,42431
4820,92291
4821,38366
4822,37933
4823,75079
4824,35051
4825,67435
4826,89047
4827,12491
4828,17781
4829,98326
4830,53958
4831,7780
4832,36359
4833,85979
4834,16641
4835,91947
4836,17402
4837,32735
4838,19178
4839,93253
4840,42227
4841,32457
4842,99817
4843,88645
4844,51482
4845,64164
4846,18644
4847,75694
4848,82900
4849,35231
4850,82298
4851,54303
4852,49184
4853,59253
4854,9908
4855,83060
4856,12212
4857,52812
4858,67592
4859,98288
4860,36477
4861,91066
4862,48384
4863,59607
4864,63978
4865,42908
4866,76288
4867,334
4868,96049
4869,12218
4870,95814
4871,60099
4872,83219
4873,87060
4874,91405
4875,46962
4876,8310
4877,70058
4878,52139
4879,28561
4880,56324
4881,27777
4882,64853
4883,35207
4884,42328
4885,37181
4886,44280
4887,71747
4888,75760
4889,17127
4890,74215
4891,63624
4892,45064
4893,89473
4894,99920
4895,6355
4896,6031
4897,13061
4898,82084
4899,60248
4900,2144
4901,16294
4902,20717
4903,57850
4904,59846
4905,98
4906,56082
4907,26528
4908,90265
4909,17300
4910,85206
4911,39576
4912,20847
4913,35926
4914,12244
4915,85808
4916,47252
4917,32829
4918,10813
4919,48748
4920,87108
4921,85064
4922,21705
4923,6797
4924,51959
4925,82009
4926,40053
4927,95166
4928,91687
4929,98999
4930,30699
4931,56270
4932,85925
4933,11963
4934,92245
4935,12485
4936,152
4937,27983
4938,62506
4939,10225
4940,17403
4941,77824
4942,29657
4943,68094
4944,89136
4945,58345
4946,1227
4947,1066
4948,91183
4949,45042
4950,15816
4951,55363
4952,90978
4953,17334
4954,62623
4955,9293
4956,30018
4957,50219
4958,11718
4959,95792
4960,13435
4961,13536
4962,41081
4963,48187
4964,39233
4965,17983
4966,50174
4967,98727
4968,17461
4969,84102
4970,88763
4971,18734
4972,8976
4973,69544
4974,73841
4975,1120
4976,80005
4977,85209
4978,21521
4979,57694
4980,46040
4981,94700
4982,27935
4983,82333
4984,98087
4985,19850
4986,53973
4987,80760
4988,89999
4989,57994
4990,28484
4991,11372
4992,13178
4993,18361
4994,98634
4995,16152
4996,77286
4997,95693
4998,50345
4999,46086
5000,56290
5001,41232
5002,18337
5003,32487
5004,36312
5005,84501
5006,11052
5007,32537
5008,72544
5009,78784
5010,78654
5011,94536
5012,79648
5013,37355
5014,90512
5015,3525
5016,86308
5017,39547
5018,26938
5019,67872
5020,79561
5021,66794
5022,24736
5023,98031
5024,51357
5025,38747
5026,84704
5027,7162
5028,31380
5029,64875
5030,50588
5031,14787
5032,31609
5033,65491
5034,83644
5035,77857
5036,9317
5037,69253
5038,1591
5039,47339
5040,41490
5041,17309
5042,50713
5043,74508
5044,55173
5045,47905
5046,71622
5047,89524
5048,22655
5049,99982
5050,61746
5051,9577
5052,2197
5053,76996
5054,8861
5055,1817
5056,34375
5057,28287
5058,5230
5059,7935
5060,52173
5061,66412
5062,37560
5063,82398
5064,93415
5065,65683
5066,54461
5067,55528
5068,91997
5069,52737
5070,10813
5071,83966
5072,70338
5073,70481
5074,80756
5075,20022
5076,36378
5077,10967
5078,40630
5079,10367
5080,67027
5081,26643
5082,20375
5083,70315
5084,42837
5085,51223
5086,76875
5087,83148
5088,85185
5089,89277
5090,84309
5091,8675
5092,40664
5093,91586
5094,57352
5095,95687
5096,31288
5097,7599
5098,32054
5099,11310
5100,56958
5101,15212
5102,59434
5103,80264
5104,79810
5105,7222
5106,40549
5107,87314
5108,97225
5109,86262
5110,97089
5111,23032
5112,15665
5113,1670
5114,92795
5115,17994
5116,91956
5117,1497
5118,21483
5119,65075
5120,45453
5121,68561
5122,67803
5123,94482
5124,33990
5125,21894
5126,48751
5127,16647
5128,98284
5129,35237
5130,96077
5131,15483
5132,3857
5133,43920
5134,56282
5135,35659
5136,68672
5137,8381
5138,34475
5139,93375
5140,75592
5141,82261
5142,10111
5143,65041
5144,59673
5145,66959
5146,47212
5147,7276
5148,65494
5149,74312
5150,21883
5151,48203
5152,20628
5153,33448
5154,13497
5155,75233
5156,88368
5157,94746
5158,15127
5159,29947
5160,97105
5161,66702
5162,346
5163,5782
5164,1620
5165,32063
5166,6036
5167,61845
5168,47717
5169,50207
5170,19681
5171,23466
5172,4645
5173,72475
5174,93598
5175,97090
5176,85954
5177,54977
5178,29437
5179,42189
5180,32550
5181,54569
5182,94419
5183,41944
5184,35564
5185,10218
5186,74922
5187,48874
5188,15660
5189,65813
5190,88264
5191,6913
5192,23517
5193,29263
5194,67613
5195,6029
5196,52560
5197,9044
5198,60970
5199,37012
5200,40733
5201,42909
5202,11332
5203,72504
5204,59876
5205,1054
5206,48364
5207,26312
5208,38229
5209,73909
5210,39844
5211,96947
5212,81630
5213,31805
5214,60817
5215,48280
5216,77564
5217,64675
5218,25624
5219,96015
5220,71648
5221,99687
5222,32139
5223,19745
5224,845
5225,53754
5226,3143
5227,30549
5228,70991
5229,45416
5230,83364
5231,90903
5232,1267
5233,43921
5234,201
5235,99484
5236,86164
5237,49329
5238,96751
5239,95327
5240,40316
5241,13634
5242,26905
5243,69453
5244,31227
5245,55036
5246,64501
5247,7860
5248,18671
5249,93287
5250,36687
5251,12203
5252,5764
5253,30349
5254,68135
5255,54150
5256,91871
5257,48833
5258,60101
5259,98038
5260,11138
5261,76132
5262,12537
5263,66257
5264,17509
5265,83531
5266,51698
5267,9818
5268,77590
5269,74435
5270,8173
5271,57024
5272,86837
5273,17142
5274,31044
5275,38240
5276,34218
5277,41298
5278,51515
5279,91855
5280,96394
5281,42772
5282,41698
5283,59353
5284,35655
5285,30629
5286,9799
5287,26579
5288,17850
5289,76648
5290,14293
5291,20379
5292,13858
5293,21554
5294,58935
5295,61096
5296,41170
5297,53292
5298,15835
5299,70254
5300,46971
5301,27225
5302,59243
5303,40420
5304,60741
5305,34745
5306,15727
5307,11861
5308,20668
5309,89932
5310,39884
5311,92377
5312,91351
5313,79086
5314,5296
5315,28193
5316,42974
5317,19451
5318,11965
5319,93222
5320,32544
5321,46637
5322,51946
5323,67310
5324,6426
5325,88769
5326,39179
5327,34110
5328,22799
5329,4083
5330,53014
5331,59280
5332,72879
5333,98062
5334,72115
5335,32758
5336,12425
5337,60570
5338,13367
5339,18332
5340,15929
5341,1577
5342,8093
5343,29145
5344,17143
5345,25979
5346,52515
5347,48800
5348,89962
5349,82624
5350,84510
5351,11025
5352,76336
5353,76833
5354,33934
5355,9838
5356,2867
5357,8460
5358,25929
5359,84680
5360,58131
5361,16890
5362,12065
5363,43466
5364,16069
5365,5606
5366,60433
5367,6647
5368,22028
5369,75230
5370,56784
5371,94962
5372,51783
5373,65038
5374,3874
5375,50175
5376,89560
5377,55933
5378,22660
5379,46402
5380,28153
5381,24540
5382,36052
5383,36691
5384,58469
5385,19491
5386,4551
5387,80502
5388,81166
5389,80878
5390,32225
5391,84850
5392,38690
5393,65400
5394,54010
5395,72189
5396,62797
5397,8002
5398,11507
5399,36680
5400,50212
5401,17997
5402,54959
5403,26153
5404,84243
5405,68929
5406,32666
5407,82684
5408,71268
5409,2569
5410,50144
5411,93512
5412,47079
5413,62883
5414,71381
5415,63537
5416,45103
5417,74151
5418,65859
5419,42163
5420,50915
5421,35456
5422,23578
5423,3426
5424,41805
5425,78275
5426,28717
5427,3850
5428,36832
5429,7689
5430,61834
5431,69403
5432,46859
5433,76554
5434,30518
5435,20932
5436,13134
5437,32497
5438,86106
5439,31618
5440,34944
5441,69961
5442,96617
5443,7338
5444,28768
5445,75467
5446,50921
5447,46514
5448,22778
5449,23091
5450,31015
5451,77672
5452,41691
5453,96754
5454,91449
5455,47036
5456,77547
5457,3707
5458,92212
5459,91833
5460,46105
5461,74413
5462,73883
5463,18635
5464,73817
5465,24682
5466,64527
5467,71067
5468,40518
5469,23020
5470,64292
5471,4985
5472,11840
5473,7372
5474,30500
5475,78871
5476,28689
5477,2622
5478,69012
5479,62660
5480,99
5481,43491
5482,80505
5483,26416
5484,17113
5485,44673
5486,93980
5487,23270
5488,42423
5489,7816
5490,2882
5491,19370
5492,76898
5493,92375
5494,18576
5495,14548
5496,68992
5497,47836
5498,9516
5499,48977
5500,92355
5501,86797
5502,51861
5503,76820
5504,13252
5505,44123
5506,39562
5507,42294
5508,17894
5509,20654
5510,96000
5511,57271
5512,83799
5513,63868
5514,85099
5515,41596
5516,22843
5517,92701
5518,73669
5519,90916
5520,80450
5521,46779
5522,29270
5523,87242
5524,77204
5525,22993
5526,49605
5527,40225
5528,96216
5529,90252
5530,38612
5531,16701
5532,23302
5533,95539
5534,245
5535,92023
5536,75092
5537,51337
5538,74391
5539,4254
5540,23875
5541,78966
5542,41719
5543,80144
5544,28963
5545,83849
5546,74137
5547,13655
5548,65045
5549,18444
5550,43416
5551,97703
5552,10208
5553,31204
5554,45467
5555,41889
5556,22015
5557,83396
5558,11639
5559,92935
5560,87831
5561,83778
5562,95598
5563,44017
5564,58550
5565,1503
5566,34771
5567,27493
5568,32717
5569,90865
5570,8895
5571,45948
5572,33650
5573,14170
5574,94436
5575,177
5576,6320
5577,50595
5578,57448
5579,96031
5580,55014
5581,21812
5582,54276
5583,64639
5584,49648
5585,46046
5586,71578
5587,49207
5588,13304
5589,62857
5590,75776
5591,85333
5592,99394
5593,90077
5594,29577
5595,21329
5596,59161
5597,9671
5598,4389
5599,38664
5600,2641
5601,41784
5602,34236
5603,13736
5604,9735
5605,44811
5606,22306
5607,49222
5608,21100
5609,95952
5610,9840
5611,71712
5612,12213
5613,44305
5614,77870
5615,80441
5616,63283
5617,92350
5618,4072
5619,56544
5620,85683
5621,21636
5622,79612
5623,56921
5624,20601
5625,7029
5626,13282
5627,43407
5628,26951
5629,24911
5630,53655
5631,91392
5632,72638
5633,94648
5634,95689
5635,70805
5636,34778
5637,86595
5638,36909
5639,38990
5640,31145
5641,12581
5642,6515
5643,51508
5644,74953
5645,72055
5646,64359
5647,20141
5648,7154
5649,47304
5650,510
5651,56057
5652,11495
5653,38617
5654,86782
5655,81941
5656,78681
5657,62967
5658,26181
5659,12722
5660,3383
5661,27135
5662,22401
5663,83658
5664,38258
5665,10749
5666,62081
5667,15149
5668,40426
5669,52106
5670,61737
5671,64116
5672,86653
5673,34744
5674,11955
5675,84140
5676,71329
5677,50803
5678,24242
5679,48640
5680,50006
5681,48428
5682,24465
5683,58438
5684,5858
5685,34520
5686,57647
5687,60966
5688,34534
5689,29664
5690,35210
5691,73966
5692,8089
5693,19818
5694,98606
5695,91297
5696,87496
5697,12685
5698,11243
5699,87584
5700,45071
5701,70978
5702,54272
5703,99160
5704,77306
5705,29830
5706,72571
5707,8003
5708,50748
5709,68505
5710,54880
5711,70200
5712,90065
5713,62246
5714,75076
5715,30896
5716,62434
5717,39181
5718,10358
5719,51757
5720,93635
5721,4561
5722,65821
5723,74880
5724,67750
5725,74915
5726,88815
5727,81310
5728,19336
5729,15775
5730,99256
5731,58866
5732,22669
5733,21920
5734,27782
5735,25270
5736,16549
5737,5603
5738,55502
5739,10281
5740,89548
5741,57077
5742,26475
5743,82221
5744,19392
5745,78004
5746,33811
5747,41920
5748,95312
5749,8793
5750,11416
5751,50878
5752,72933
5753,52092
5754,72368
5755,42756
5756,36212
5757,68126
5758,60061
5759,1630
5760,91814
5761,81675
5762,77024
5763,68503
5764,55007
5765,14758
5766,54331
5767,19623
5768,19434
5769,74274
5770,77071
5771,76382
5772,99412
5773,13143
5774,13855
5775,73762
5776,13247
5777,37508
5778,70216
5779,45081
5780,53866
5781,34630
5782,50216
5783,85834
5784,63656
5785,74986
5786,79827
5787,62013
5788,4920
5789,22580
5790,36109
5791,52828
5792,18865
5793,81044
5794,79787
5795,89245
5796,90929
5797,52664
5798,5093
5799,51887
5800,43459
5801,90517
5802,31149
5803,6470
5804,97756
5805,62297
5806,35213
5807,48826
5808,2661
5809,44294
5810,39732
5811,40766
5812,36755
5813,64447
5814,91260
5815,89774
5816,12883
5817,29888
5818,17624
5819,39394
5820,97491
5821,58089
5822,42066
5823,35323
5824,95535
5825,54637
5826,79305
5827,84624
5828,11713
5829,24643
5830,57906
5831,27717
5832,53378
5833,97127
5834,63509
5835,99558
5836,67708
5837,49019
5838,7377
5839,67547
5840,20846
5841,8610
5842,40789
5843,93014
5844,66436
5845,52882
5846,17789
5847,68729
5848,74547
5849,3804
5850,22782
5851,25275
5852,26319
5853,7563
5854,32711
5855,4344
5856,59837
5857,6636
5858,47245
5859,92367
5860,26107
5861,35920
5862,48290
5863,60856
5864,66217
5865,52038
5866,83294
5867,16246
5868,89292
5869,4015
5870,31721
5871,48829
5872,64076
5873,77872
5874,58481
5875,23286
5876,62214
5877,76933
5878,72274
5879,45853
5880,45131
5881,21442
5882,33913
5883,98177
5884,90299
5885,11857
5886,37374
5887,3607
5888,50677
5889,6517
5890,21362
5891,75017
5892,28101
5893,29022
5894,84863
5895,29515
5896,88836
5897,27106
5898,35279
5899,85414
5900,53684
5901,67286
5902,2638
5903,89427
5904,1176
5905,62150
5906,17352
5907,84862
5908,22711
5909,78802
5910,1119
5911,29339
5912,33091
5913,79746
5914,40047
5915,93430
5916,92988
5917,84255
5918,36104
5919,55559
5920,49355
5921,45716
5922,60171
5923,33039
5924,28611
5925,61181
5926,39612
5927,88771
5928,68251
5929,81747
5930,52065
5931,76619
5932,13420
5933,973
5934,67055
5935,86826
5936,49061
5937,73601
5938,84858
5939,77836
5940,79839
5941,37061
5942,39131
5943,89717
5944,14179
5945,63152
5946,8377
5947,44087
5948,36249
5949,83974
5950,42626
5951,36301
5952,34239
5953,86008
5954,93214
5955,85399
5956,39173
5957,24698
5958,19661
5959,67812
5960,31506
5961,7451
5962,78657
5963,52975
5964,86587
5965,41898
5966,89238
5967,18350
5968,94550
5969,3346
5970,85914
5971,65201
5972,38755
5973,34013
5974,54872
5975,53041
5976,50901
5977,96574
5978,4639
5979,76428
5980,92818
5981,74988
5982,24902
5983,44989
5984,95240
5985,93512
5986,29155
5987,89967
5988,70085
5989,83675
5990,62365
5991,88073
5992,46998
5993,66504
5994,39357
5995,22290
5996,86204
5997,73180
5998,23751
5999,38516
6000,12803
6001,61716
6002,16779
6003,97123
6004,33912
6005,95061
6006,73283
6007,24005
6008,89101
6009,44002
6010,85788
6011,11714
6012,29141
6013,46577
6014,29282
6015,97555
6016,40260
6017,55122
6018,43436
6019,48727
6020,34162
6021,76761
6022,38551
6023,60796
6024,15447
6025,61684
6026,7045
6027,83161
6028,76500
6029,76072
6030,81360
6031,9344
6032,61904
6033,25509
6034,65608
6035,15714
6036,89230
6037,50036
6038,69456
6039,39116
6040,54156
6041,7096
6042,19772
6043,18014
6044,26263
6045,44924
6046,53643
6047,74642
6048,59984
6049,18782
6050,41479
6051,93814
6052,23649
6053,10602
6054,63918
6055,43608
6056,82720
6057,23186
6058,41089
6059,83175
6060,7613
6061,627
6062,59261
6063,35861
6064,27454
6065,99781
6066,22109
6067,75544
6068,20776
6069,64179
6070,11549
6071,16971
6072,80551
6073,56857
6074,83042
6075,56293
6076,52883
6077,56243
6078,62583
6079,50252
6080,621
6081,4954
6082,69973
6083,26147
6084,95778
6085,48913
6086,1855
6087,42243
6088,99211
6089,69613
6090,24989
6091,2358
6092,88712
6093,550
6094,82151
6095,96164
6096,32623
6097,29667
6098,90911
6099,45144
6100,40916
6101,16909
6102,13472
6103,50282
6104,65983
6105,77168
6106,40133
6107,21901
6108,8567
6109,6002
6110,39095
6111,38129
6112,59769
6113,95408
6114,68205
6115,78177
6116,68707
6117,44290
6118,56851
6119,90027
6120,17546
6121,44932
6122,64258
6123,47097
6124,98329
6125,24707
6126,21621
6127,52883
6128,2516
6129,29949
6130,29412
6131,95321
6132,17207
6133,27691
6134,96226
6135,2882
6136,77302
6137,66153
6138,22159
6139,16153
6140,48059
6141,93216
6142,85277
6143,4907
6144,49187
6145,83938
6146,33536
6147,70098
6148,81685
6149,6378
6150,77856
6151,6296
6152,86775
6153,14180
6154,85674
6155,2597
6156,6332
6157,90416
6158,15186
6159,54637
6160,58247
6161,49850
6162,16209
6163,71743
6164,33136
6165,62190
6166,92005
6167,20080
6168,26944
6169,91130
6170,89891
6171,82626
6172,1229
6173,39477
6174,55174
6175,86735
6176,13245
6177,86842
6178,68207
6179,35396
6180,81641
6181,79391
6182,91855
6183,17988
6184,54906
6185,13761
6186,67064
6187,94220
6188,80972
6189,15441
6190,37064
6191,14953
6192,13938
6193,65249
6194,26047
6195,79833
6196,26191
6197,34481
6198,68579
6199,26443
6200,46923
6201,92210
6202,53717
6203,38722
6204,21030
6205,5174
6206,71855
6207,65068
6208,27232
6209,90214
6210,63011
6211,43342
6212,30747
6213,368
6214,1681
6215,88042
6216,11675
6217,14484
6218,75265
6219,87700
6220,64773
6221,19558
6222,11817
6223,67080
6224,9846
6225,94848
6226,94850
6227,13286
6228,33550
6229,84464
6230,30308
6231,59877
6232,38810
6233,34629
6234,60863
6235,6574
6236,13092
6237,22908
6238,5180
6239,38095
6240,47224
6241,88715
6242,40997
6243,55846
6244,96811
6245,15201
6246,12461
6247,99389
6248,6024
6249,1277
6250,18149
6251,86957
6252,84839
6253,22359
6254,43088
6255,46871
6256,57382
6257,81511
6258,35177
6259,96094
6260,12193
6261,48850
6262,44931
6263,23979
6264,14930
6265,52540
6266,52471
6267,59849
6268,35639
6269,50566
6270,90436
6271,62694
6272,55288
6273,85055
6274,21870
6275,14828
6276,17378
6277,91258
6278,95222
6279,7696
6280,20902
6281,13603
6282,54539
6283,77440
6284,63275
6285,74582
6286,88928
6287,57440
6288,23768
6289,80137
6290,49784
6291,47012
6292,80141
6293,3787
6294,89724
6295,95335
6296,17135
6297,63328
6298,63989
6299,14812
6300,53917
6301,57771
6302,6035
6303,8311
6304,34300
6305,85858
6306,41197
6307,1630
6308,92359
6309,88867
6310,68798
6311,97478
6312,75592
6313,94876
6314,74067
6315,29368
6316,87807
6317,44351
6318,68049
6319,68574
6320,90219
6321,91836
6322,81043
6323,12493
6324,56744
6325,86742
6326,95253
6327,32591
6328,63177
6329,45328
6330,87003
6331,88653
6332,84080
6333,50456
6334,19494
6335,73193
6336,80345
6337,7162
6338,1536
6339,84341
6340,20578
6341,66275
6342,61520
6343,65000
6344,21689
6345,9822
6346,98501
6347,64451
6348,42036
6349,31584
6350,43381
6351,36468
6352,6609
6353,66454
6354,29200
6355,72164
6356,84330
6357,49638
6358,52868
6359,30811
6360,10342
6361,60184
6362,58230
6363,75118
6364,58743
6365,11546
6366,65343
6367,58608
6368,41436
6369,15569
6370,65201
6371,97689
6372,85648
6373,2339
6374,13463
6375,52889
6376,54056
6377,4706
6378,73034
6379,71981
6380,32
6381,11923
6382,79204
6383,81152
6384,83573
6385,39934
6386,66638
6387,73716
6388,27122
6389,85809
6390,88021
6391,59806
6392,44686
6393,47634
6394,7123
6395,29228
6396,59576
6397,43522
6398,73430
6399,81242
6400,78646
6401,62024
6402,93943
6403,86146
6404,47627
6405,93846
6406,59324
6407,14955
6408,12781
6409,99535
6410,86374
6411,29074
6412,297
6413,44752
6414,46558
6415,83065
6416,38280
6417,71796
6418,68427
6419,49016
6420,92035
6421,13945
6422,6010
6423,21526
6424,64552
6425,18418
6426,93969
6427,97332
6428,94586
6429,53646
6430,14029
6431,33340
6432,80075
6433,25689
6434,24591
6435,15836
6436,51507
6437,28267
6438,59915
6439,24989
6440,93960
6441,44303
6442,14135
6443,99251
6444,54335
6445,6104
6446,83010
6447,88108
6448,77186
6449,16160
6450,59058
6451,59960
6452,86315
6453,77252
6454,66096
6455,17657
6456,65392
6457,578
6458,69525
6459,96507
6460,6376
6461,72522
6462,56739
6463,76702
6464,63308
6465,66638
6466,23236
6467,90687
6468,75842
6469,22770
6470,95757
6471,16837
6472,13583
6473,50788
6474,86192
6475,78724
6476,79460
6477,42194
6478,66084
6479,50428
6480,54885
6481,79832
6482,90779
6483,99935
6484,32547
6485,35870
6486,52159
6487,44949
6488,38567
6489,59365
6490,17491
6491,18121
6492,54109
6493,78984
6494,91762
6495,98107
6496,67157
6497,39189
6498,91956
6499,71812
6500,41154
6501,93316
6502,96586
6503,72569
6504,82923
6505,28497
6506,26340
6507,27497
6508,81820
6509,93645
6510,38096
6511,90005
6512,45268
6513,88139
6514,17399
6515,93123
6516,85218
6517,23316
6518,66056
6519,71115
6520,91014
6521,83486
6522,42265
6523,93117
6524,15136
6525,99726
6526,46178
6527,73709
6528,62973
6529,76399
6530,74804
6531,87455
6532,93087
6533,54729
6534,88384
6535,98034
6536,69989
6537,37487
6538,55373
6539,1683
6540,68525
6541,13965
6542,3322
6543,49931
6544,19058
6545,6965
6546,87861
6547,7429
6548,26211
6549,35003
6550,98338
6551,21104
6552,37577
6553,89583
6554,32851
6555,19202
6556,8140
6557,90527
6558,38694
6559,26748
6560,98785
6561,70942
6562,4244
6563,47023
6564,59332
6565,13442
6566,80764
6567,88552
6568,96936
6569,73657
6570,29410
6571,97319
6572,84829
6573,73576
6574,50982
6575,31152
6576,66977
6577,91252
6578,37711
6579,90834
6580,87106
6581,6167
6582,50024
6583,50807
6584,54610
6585,89813
6586,40990
6587,72378
6588,7061
6589,1709
6590,97484
6591,32953
6592,26629
6593,81348
6594,58083
6595,29573
6596,83081
6597,92367
6598,93011
6599,84896
6600,48210
6601,98983
6602,77130
6603,71655
6604,96800
6605,79097
6606,25761
6607,95025
6608,25372
6609,38568
6610,58837
6611,23265
6612,89487
6613,9770
6614,24517
6615,22789
6616,96358
6617,67360
6618,15653
6619,49450
6620,5336
6621,56175
6622,36593
6623,72964
6624,34644
6625,17058
6626,21103
6627,76554
6628,33435
6629,749
6630,43337
6631,61132
6632,93030
6633,20300
6634,5245
6635,20156
6636,42297
6637,78244
6638,6675
6639,81978
6640,80699
6641,86765
6642,39482
6643,64307
6644,75071
6645,72120
6646,46944
6647,9562
6648,92767
6649,41672
6650,68874
6651,28840
6652,24110
6653,68246
6654,8946
6655,66219
6656,20899
6657,54526
6658,71192
6659,70400
6660,52886
6661,12061
6662,45806
6663,29002
6664,27974
6665,86954
6666,43510
6667,43403
6668,47300
6669,38489
6670,28642
6671,98662
6672,81049
6673,69543
6674,62250
6675,73585
6676,98593
6677,85115
6678,1163
6679,15046
6680,87689
6681,45361
6682,58424
6683,31512
6684,84192
6685,80449
6686,81422
6687,31968
6688,5236
6689,89473
6690,42075
6691,49997
6692,14870
6693,50587
6694,33641
6695,70819
6696,94902
6697,37080
6698,3248
6699,67756
6700,49156
6701,67421
6702,66690
6703,58410
6704,63816
6705,5757
6706,38864
6707,85407
6708,25242
6709,41994
6710,67367
6711,10803
6712,12587
6713,21950
6714,70523
6715,69898
6716,970
6717,82183
6718,8591
6719,27637
6720,87872
6721,82521
6722,27951
6723,89847
6724,55611
6725,13631
6726,26955
6727,70494
6728,92119
6729,97183
6730,57057
6731,84756
6732,9462
6733,97906
6734,89931
6735,20162
6736,3123
6737,60201
6738,93971
6739,43488
6740,4975
6741,11481
6742,9610
6743,7123
6744,23339
6745,33028
6746,73159
6747,9242
6748,75371
6749,29847
6750,33911
6751,53439
6752,50870
6753,59139
6754,82613
6755,53021
6756,56767
6757,41481
6758,2223
6759,51062
6760,88260
6761,15516
6762,70111
6763,783
6764,84082
6765,94419
6766,81058
6767,8298
6768,99095
6769,97783
6770,76766
6771,5975
6772,91876
6773,9524
6774,46894
6775,65917
6776,13921
6777,37999
6778,89909
6779,39508
6780,79513
6781,11348
6782,36909
6783,57377
6784,50002
6785,51798
6786,86612
6787,4049
6788,62136
6789,20499
6790,69932
6791,28828
6792,17885
6793,97888
6794,51258
6795,71539
6796,38673
6797,83115
6798,18894
6799,39076
6800,88783
6801,95604
6802,84936
6803,48916
6804,1471
6805,72561
6806,72764
6807,18540
6808,16162
6809,5485
6810,669
6811,75077
6812,78214
6813,51663
6814,70415
6815,71775
6816,11167
6817,39946
6818,27542
6819,98090
6820,97190
6821,95160
6822,45079
6823,27762
6824,54097
6825,84673
6826,67191
6827,18681
6828,21106
6829,24126
6830,28949
6831,80866
6832,33137
6833,25480
6834,15033
6835,23780
6836,87956
6837,74366
6838,7138
6839,98450
6840,71949
6841,60468
6842,84508
6843,72055
6844,9597
6845,38106
6846,88049
6847,8839
6848,32868
6849,12881
6850,25885
6851,95114
6852,76109
6853,63867
6854,43375
6855,46820
6856,16815
6857,87998
6858,85924
6859,30750
6860,13123
6861,37383
6862,81211
6863,9159
6864,25372
6865,41662
6866,63692
6867,59077
6868,43046
6869,80795
6870,86441
6871,40075
6872,90902
6873,76578
6874,19984
6875,74138
6876,74309
6877,47784
6878,41472
6879,56149
6880,22113
6881,643
6882,41063
6883,32276
6884,29045
6885,93359
6886,96979
6887,84005
6888,57173
6889,36274
6890,47128
6891,17613
6892,89083
6893,96082
6894,43468
6895,62918
6896,60676
6897,58383
6898,47030
6899,40048
6900,63838
6901,72318
6902,14274
6903,23048
6904,84623
6905,79521
6906,10754
6907,36790
6908,18360
6909,70607
6910,25756
6911,34512
6912,96157
6913,82142
6914,10032
6915,95355
6916,9892
6917,2451
6918,66486
6919,82798
6920,4098
6921,76279
6922,75887
6923,53111
6924,77347
6925,27896
6926,4814
6927,72308
6928,34169
6929,71243
6930,70746
6931,61889
6932,85719
6933,19491
6934,47958
6935,51455
6936,29279
6937,77290
6938,96115
6939,38151
6940,17558
6941,60919
6942,65693
6943,66910
6944,11879
6945,52017
6946,47702
6947,65830
6948,1398
6949,86868
6950,31320
6951,80492
6952,89684
6953,21747
6954,99258
6955,67398
6956,18408
6957,58497
6958,20879
6959,23490
6960,74243
6961,74172
6962,86440
6963,19172
6964,96468
6965,95955
6966,63383
6967,47038
6968,5307
6969,28691
6970,99817
6971,63926
6972,30385
6973,8249
6974,34659
6975,48432
6976,30683
6977,5620
6978,87642
6979,27112
6980,67890
6981,47359
6982,50878
6983,61571
6984,59601
6985,6096
6986,5240
6987,85013
6988,42486
6989,13539
6990,92250
6991,68347
6992,83052
6993,35857
6994,97253
6995,34523
6996,75852
6997,71359
6998,74742
6999,22796
7000,49379
7001,85688
7002,49623
7003,47890
7004,77038
7005,85644
7006,10212
7007,67730
7008,32985
7009,49336
7010,29225
7011,67691
7012,53204
7013,46265
7014,45234
7015,63823
7016,63201
7017,79205
7018,874
7019,65786
7020,18224
7021,57668
7022,21716
7023,30155
7024,10114
7025,67451
7026,84351
7027,36816
7028,27733
7029,19702
7030,24508
7031,20635
7032,47487
7033,78918
7034,94028
7035,15519
7036,86662
7037,30201
7038,54354
7039,43293
7040,94415
7041,14865
7042,63123
7043,88513
7044,62769
7045,62796
7046,27627
7047,77446
7048,21144
7049,84847
7050,53867
7051,2952
7052,31948
7053,5665
7054,16772
7055,75178
7056,77650
7057,21129
7058,17668
7059,82525
7060,67203
7061,5146
7062,75018
7063,19259
7064,7338
7065,21812
7066,33860
7067,23607
7068,67727
7069,53153
7070,78568
7071,73882
7072,83584
7073,2450
7074,94322
7075,95427
7076,86746
7077,37162
7078,11249
7079,28399
7080,58887
7081,79508
7082,61799
7083,63143
7084,22366
7085,28762
7086,53850
7087,78763
7088,18715
7089,76378
7090,23849
7091,81695
7092,86471
7093,66962
7094,34681
7095,21993
7096,94930
7097,89871
7098,44924
7099,59447
7100,78198
7101,77420
7102,9033
7103,30132
7104,49582
7105,50533
7106,17339
7107,14240
7108,2180
7109,26532
7110,68522
7111,66117
7112,89711
7113,55033
7114,19613
7115,79375
7116,12632
7117,23265
7118,62383
7119,80586
7120,78628
7121,5126
7122,69665
7123,65982
7124,98626
7125,15413
7126,12224
7127,63218
7128,86437
7129,17092
7130,79108
7131,70695
7132,167
7133,88950
7134,85106
7135,56567
7136,68435
7137,55149
7138,48556
7139,5703
7140,91451
7141,69454
7142,56234
7143,30089
7144,63202
7145,49979
7146,45953
7147,77217
7148,97185
7149,99826
7150,91328
7151,75523
7152,12817
7153,55779
7154,17558
7155,33370
7156,62549
7157,30485
7158,10996
7159,37138
7160,78429
7161,71277
7162,53572
7163,33801
7164,24785
7165,726
7166,92959
7167,97481
7168,942
7169,75767
7170,68500
7171,15454
7172,68136
7173,952
7174,49165
7175,85802
7176,26934
7177,90156
7178,41415
7179,53598
7180,47493
7181,13980
7182,20297
7183,55856
7184,85413
7185,76735
7186,33254
7187,34259
7188,70278
7189,55527
7190,74022
7191,47935
7192,80210
7193,36128
7194,89218
7195,52105
7196,98965
7197,26708
7198,54172
7199,72375
7200,73090
7201,63248
7202,23435
7203,48534
7204,73291
7205,72743
7206,63417
7207,33273
7208,40203
7209,75723
7210,45145
7211,92480
7212,52193
7213,96450
7214,18106
7215,86423
7216,15618
7217,98027
7218,30126
7219,58546
7220,91670
7221,21216
7222,13153
7223,28119
7224,66639
7225,52512
7226,44369
7227,72175
7228,80491
7229,91374
7230,89737
7231,92650
7232,6832
7233,21078
7234,51010
7235,83355
7236,703
7237,11949
7238,19058
7239,61832
7240,78685
7241,57075
7242,11562
7243,8409
7244,34493
7245,29077
7246,48616
7247,10500
7248,79836
7249,4958
7250,94970
7251,50384
7252,52523
7253,80483
7254,86016
7255,68299
7256,37558
7257,93281
7258,78321
7259,7541
7260,22983
7261,83934
7262,64807
7263,57546
7264,1413
7265,26448
7266,86109
7267,67925
7268,37497
7269,25535
7270,4415
7271,78589
7272,66928
7273,67618
7274,91557
7275,30375
7276,80644
7277,22224
7278,88355
7279,4736
7280,47161
7281,31369
7282,85864
7283,47
7284,20646
7285,11392
7286,36177
7287,52364
7288,46295
7289,87783
7290,51802
7291,53153
7292,76828
7293,26265
7294,67871
7295,2024
7296,96600
7297,92235
7298,9003
7299,11828
7300,72046
7301,37299
7302,95186
7303,73294
7304,76416
7305,45635
7306,45554
7307,36252
7308,29671
7309,79487
7310,25506
7311,59616
7312,52957
7313,75364
7314,619
7315,34233
7316,22952
7317,53373
7318,66363
7319,13964
7320,73230
7321,9497
7322,65961
7323,38578
7324,44570
7325,15346
7326,67287
7327,33786
7328,70514
7329,75362
7330,32796
7331,90999
7332,58044
7333,49434
7334,73825
7335,63400
7336,31896
7337,99293
7338,44530
7339,60152
7340,89347
7341,60397
7342,76926
7343,3594
7344,63182
7345,15249
7346,33802
7347,8864
7348,50167
7349,83065
7350,28895
7351,88734
7352,91914
7353,30147
7354,41393
7355,54067
7356,46291
7357,67709
7358,70218
7359,1284
7360,91867
7361,34527
7362,32549
7363,37665
7364,12200
7365,52298
7366,88312
7367,98155
7368,44835
7369,9975
7370,72696
7371,23404
7372,62473
7373,41149
7374,46348
7375,28657
7376,75207
7377,35278
7378,23967
7379,97810
7380,89546
7381,24935
7382,65414
7383,96624
7384,26180
7385,30793
7386,96404
7387,31736
7388,34797
7389,27112
7390,30052
7391,26587
7392,32738
7393,81090
7394,46675
7395,20456
7396,13993
7397,15722
7398,10297
7399,88590
7400,86966
7401,64584
7402,80465
7403,878
7404,70982
7405,5549
7406,63224
7407,48663
7408,81362
7409,41352
7410,64542
7411,75313
7412,36019
7413,64340
7414,23979
7415,67005
7416,36745
7417,52160
7418,29120
7419,98336
7420,75594
7421,16819
7422,7107
7423,68919
7424,55476
7425,62704
7426,70889
7427,4278
7428,65870
7429,45529
7430,51615
7431,89969
7432,22921
7433,59935
7434,15786
7435,91530
7436,67932
7437,60312
7438,41383
7439,90346
7440,1113
7441,1559
7442,88366
7443,27633
7444,49742
7445,76163
7446,13215
7447,42665
7448,47405
7449,80328
7450,34049
7451,24540
7452,71911
7453,34462
7454,31092
7455,35321
7456,61790
7457,80368
7458,44980
7459,47972
7460,24115
7461,65384
7462,55577
7463,27604
7464,54941
7465,91853
7466,98601
7467,48809
7468,47861
7469,52516
7470,36661
7471,59087
7472,23588
7473,74905
7474,17198
7475,75493
7476,89926
7477,29968
7478,13100
7479,94488
7480,35392
7481,30917
7482,72799
7483,56661
7484,49933
7485,25708
7486,19126
7487,96812
7488,19611
7489,62005
7490,1286
7491,23158
7492,55259
7493,65493
7494,17635
7495,82670
7496,67775
7497,70000
7498,94455
7499,41393
7500,63792
7501,39336
7502,32905
7503,73690
7504,74437
7505,6263
7506,52229
7507,12982
7508,90520
7509,21419
7510,7879
7511,28251
7512,33340
7513,62470
7514,82567
7515,12632
7516,58973
7517,97605
7518,43874
7519,34058
7520,47322
7521,47236
7522,73456
7523,73081
7524,33789
7525,45117
7526,2609
7527,53980
7528,15900
7529,46028
7530,89084
7531,79384
7532,26087
7533,75619
7534,75493
7535,85189
7536,85092
7537,70584
7538,22887
7539,37314
7540,46554
7541,42620
7542,88246
7543,66914
7544,63906
7545,96547
7546,58590
7547,10287
7548,49957
7549,80444
7550,37565
7551,60794
7552,82809
7553,18995
7554,21974
7555,83972
7556,44232
7557,55298
7558,82752
7559,80266
7560,74935
7561,53064
7562,9361
7563,10379
7564,21243
7565,45049
7566,29922
7567,41098
7568,41543
7569,85601
7570,38198
7571,93127
7572,35068
7573,79359
7574,84504
7575,51843
7576,35563
7577,58323
7578,47610
7579,98038
7580,76938
7581,68290
7582,59030
7583,54272
7584,21940
7585,24112
7586,3037
7587,16399
7588,95400
7589,30763
7590,86782
7591,32993
7592,97511
7593,91851
7594,98279
7595,10504
7596,27610
7597,21887
7598,52051
7599,13511
